﻿<?xml version="1.0" encoding="utf-8"?><Defs>

  <SoundDef>
    <defName>Carryall_Landing</defName>  
    <context>MapOnly</context>
    <maxSimultaneous>1</maxSimultaneous>  
    <subSounds>
      <li>
        <grains>
          <li Class="AudioGrain_Folder">
            <clipFolderPath>Misc/Shuttle/Land</clipFolderPath>
          </li>
        </grains>
        <volumeRange>30~30</volumeRange>
        <tempoAffectedByGameSpeed>true</tempoAffectedByGameSpeed>
      </li>
    </subSounds>
  </SoundDef>

  <SoundDef>
    <defName>Carryall_Leaving</defName>  
    <context>MapOnly</context>
    <maxSimultaneous>1</maxSimultaneous>  
    <subSounds>
      <li>
        <grains>
          <li Class="AudioGrain_Folder">
            <clipFolderPath>Misc/Shuttle/Takeoff</clipFolderPath>
          </li>
        </grains>
        <volumeRange>30~30</volumeRange>
        <tempoAffectedByGameSpeed>true</tempoAffectedByGameSpeed>
      </li>
    </subSounds>
  </SoundDef>

</Defs>
